contract_id,award_date,vendor_name,obligated_amount,agency_name,pop_state,source_file,fiscal_year
C-519924,2018-11-16,Island Builders,4440796,,,bench_norm_1000,2019
C-625341,2015-04-10,Marina Holdings,6971657,,,bench_norm_1000,2015
C-333409,2014-02-22,Servicios Unidos,3946668,,,bench_norm_1000,2014
C-155412,2011-07-30,Island Builders,8465210,,,bench_norm_1000,2011
C-351628,2012-02-19,Island Builders,9922554,,,bench_norm_1000,2012
C-521559,2011-03-31,Acme Corp,1859784,,,bench_norm_1000,2011
C-618553,2018-03-27,Acme Corp,4908171,,,bench_norm_1000,2018
C-537780,2011-05-28,Construcciones PR,6576238,,,bench_norm_1000,2011
C-626588,2014-05-29,Bajos LLC,3139207,,,bench_norm_1000,2014
C-541502,2014-08-05,Universal Contractors,2617875,,,bench_norm_1000,2014
C-928695,2015-06-19,Construcciones PR,432267,,,bench_norm_1000,2015
C-192787,2015-04-22,Acme Corp,678681,,,bench_norm_1000,2015
C-854418,2012-12-07,Marina Holdings,5990733,,,bench_norm_1000,2013
C-548953,2010-08-24,Universal Contractors,5911915,,,bench_norm_1000,2010
C-093352,2017-04-26,Global Supply,591476,,,bench_norm_1000,2017
C-504506,2013-10-02,Servicios Unidos,2799555,,,bench_norm_1000,2014
C-050646,2018-02-10,Universal Contractors,1799392,,,bench_norm_1000,2018
C-519365,2012-11-07,Island Builders,3586297,,,bench_norm_1000,2013
C-396724,2010-08-21,Global Supply,7221516,,,bench_norm_1000,2010
C-269535,2010-09-02,Construcciones PR,8928872,,,bench_norm_1000,2010
C-714868,2018-08-20,Bajos LLC,4718448,,,bench_norm_1000,2018
C-107289,2011-06-21,Servicios Unidos,9368094,,,bench_norm_1000,2011
C-737667,2017-02-19,Island Builders,3963305,,,bench_norm_1000,2017
C-234578,2014-10-30,Island Builders,1132982,,,bench_norm_1000,2015
C-447981,2010-02-11,Servicios Unidos,9447879,,,bench_norm_1000,2010
C-006187,2018-11-11,Acme Corp,2379366,,,bench_norm_1000,2019
C-187443,2010-07-08,Bajos LLC,3468329,,,bench_norm_1000,2010
C-866693,2015-06-26,Construcciones PR,9749408,,,bench_norm_1000,2015
C-040803,2013-09-06,Bajos LLC,2923180,,,bench_norm_1000,2013
C-302765,2015-01-22,Global Supply,2989559,,,bench_norm_1000,2015
C-678858,2015-06-20,Global Supply,1146620,,,bench_norm_1000,2015
C-986123,2010-04-06,Global Supply,5168767,,,bench_norm_1000,2010
C-380211,2014-05-17,Acme Corp,5165881,,,bench_norm_1000,2014
C-379122,2016-06-17,Acme Corp,9386088,,,bench_norm_1000,2016
C-329972,2010-05-11,Tech Solutions,8173946,,,bench_norm_1000,2010
C-697600,2019-12-20,Acme Corp,800687,,,bench_norm_1000,2020
C-301789,2015-06-27,Global Supply,8471555,,,bench_norm_1000,2015
C-247290,2016-10-02,Universal Contractors,4053138,,,bench_norm_1000,2017
C-738446,2012-04-29,Construcciones PR,9147230,,,bench_norm_1000,2012
C-035230,2016-05-04,Global Supply,8657970,,,bench_norm_1000,2016
C-443487,2018-05-14,Global Supply,3515539,,,bench_norm_1000,2018
C-093365,2018-10-21,Tech Solutions,7309345,,,bench_norm_1000,2019
C-138222,2019-08-07,Construcciones PR,7896431,,,bench_norm_1000,2019
C-053963,2011-05-27,Construcciones PR,91466,,,bench_norm_1000,2011
C-445413,2017-10-19,Construcciones PR,8769330,,,bench_norm_1000,2018
C-958473,2014-06-06,Servicios Unidos,2332670,,,bench_norm_1000,2014
C-253950,2011-10-21,Construcciones PR,8223573,,,bench_norm_1000,2012
C-003988,2012-04-22,Servicios Unidos,9735935,,,bench_norm_1000,2012
C-767661,2015-08-09,Acme Corp,1636693,,,bench_norm_1000,2015
C-907684,2013-10-20,Marina Holdings,3788360,,,bench_norm_1000,2014
C-218287,2014-08-29,Servicios Unidos,2633196,,,bench_norm_1000,2014
C-164479,2011-07-26,Tech Solutions,939524,,,bench_norm_1000,2011
C-473635,2016-10-12,Universal Contractors,7096098,,,bench_norm_1000,2017
C-298949,2015-06-28,Acme Corp,8612034,,,bench_norm_1000,2015
C-253559,2010-03-04,Universal Contractors,5229555,,,bench_norm_1000,2010
C-590628,2012-09-19,Bajos LLC,3098841,,,bench_norm_1000,2012
C-779725,2016-12-28,Bajos LLC,6778943,,,bench_norm_1000,2017
C-592284,2019-01-26,Marina Holdings,9633354,,,bench_norm_1000,2019
C-878191,2015-12-09,Island Builders,9908166,,,bench_norm_1000,2016
C-788505,2012-01-01,Tech Solutions,458227,,,bench_norm_1000,2012
C-751887,2012-07-05,Universal Contractors,5326801,,,bench_norm_1000,2012
C-399421,2015-10-04,Construcciones PR,8640193,,,bench_norm_1000,2016
C-980862,2014-11-30,Acme Corp,4040504,,,bench_norm_1000,2015
C-569912,2013-08-07,Construcciones PR,6452727,,,bench_norm_1000,2013
C-464106,2017-05-12,Marina Holdings,9043554,,,bench_norm_1000,2017
C-233347,2013-02-12,Global Supply,8306570,,,bench_norm_1000,2013
C-942430,2018-11-14,Global Supply,9304209,,,bench_norm_1000,2019
C-882684,2012-06-02,Bajos LLC,2773924,,,bench_norm_1000,2012
C-366900,2016-08-25,Tech Solutions,851000,,,bench_norm_1000,2016
C-706288,2017-01-28,Servicios Unidos,4581379,,,bench_norm_1000,2017
C-119720,2018-06-05,Bajos LLC,7783661,,,bench_norm_1000,2018
C-499981,2016-06-02,Universal Contractors,324397,,,bench_norm_1000,2016
C-540668,2014-10-11,Bajos LLC,1084018,,,bench_norm_1000,2015
C-395027,2016-08-17,Marina Holdings,3776301,,,bench_norm_1000,2016
C-972087,2011-09-20,Acme Corp,469222,,,bench_norm_1000,2011
C-036648,2010-05-04,Servicios Unidos,7650323,,,bench_norm_1000,2010
C-751058,2017-03-07,Acme Corp,6590191,,,bench_norm_1000,2017
C-148929,2016-09-22,Servicios Unidos,6322529,,,bench_norm_1000,2016
C-235696,2012-06-09,Construcciones PR,4178308,,,bench_norm_1000,2012
C-095725,2011-08-22,Construcciones PR,1413400,,,bench_norm_1000,2011
C-317987,2013-12-13,Tech Solutions,4680092,,,bench_norm_1000,2014
C-423071,2011-01-11,Bajos LLC,590578,,,bench_norm_1000,2011
C-849220,2014-11-22,Island Builders,4121036,,,bench_norm_1000,2015
C-990917,2018-11-22,Servicios Unidos,7879738,,,bench_norm_1000,2019
C-136701,2014-12-10,Bajos LLC,3933730,,,bench_norm_1000,2015
C-185543,2019-03-17,Bajos LLC,8869663,,,bench_norm_1000,2019
C-487593,2014-03-07,Island Builders,3989632,,,bench_norm_1000,2014
C-111031,2013-09-11,Servicios Unidos,4540676,,,bench_norm_1000,2013
C-637809,2015-01-20,Bajos LLC,6430920,,,bench_norm_1000,2015
C-041597,2010-01-09,Tech Solutions,6119758,,,bench_norm_1000,2010
C-043253,2017-05-04,Tech Solutions,5358039,,,bench_norm_1000,2017
C-448902,2012-09-02,Servicios Unidos,574456,,,bench_norm_1000,2012
C-332658,2017-07-02,Universal Contractors,9390700,,,bench_norm_1000,2017
C-850359,2011-12-06,Island Builders,3893790,,,bench_norm_1000,2012
C-589851,2013-12-23,Bajos LLC,9787652,,,bench_norm_1000,2014
C-054573,2014-10-08,Island Builders,7572507,,,bench_norm_1000,2015
C-214679,2015-02-19,Universal Contractors,1593000,,,bench_norm_1000,2015
C-146735,2014-10-05,Construcciones PR,1991326,,,bench_norm_1000,2015
C-766378,2016-02-10,Acme Corp,1116508,,,bench_norm_1000,2016
C-999628,2017-05-10,Global Supply,3544868,,,bench_norm_1000,2017
C-585759,2016-10-13,Marina Holdings,1583183,,,bench_norm_1000,2017
C-626777,2018-10-14,Bajos LLC,1737467,,,bench_norm_1000,2019
C-348388,2019-02-05,Island Builders,9810863,,,bench_norm_1000,2019
C-950310,2018-07-31,Servicios Unidos,4950905,,,bench_norm_1000,2018
C-986863,2016-07-17,Marina Holdings,6637781,,,bench_norm_1000,2016
C-687917,2018-06-02,Marina Holdings,1152212,,,bench_norm_1000,2018
C-858612,2013-06-04,Construcciones PR,8558470,,,bench_norm_1000,2013
C-151805,2018-07-27,Island Builders,7484734,,,bench_norm_1000,2018
C-717322,2010-06-13,Island Builders,9417814,,,bench_norm_1000,2010
C-525202,2013-12-18,Acme Corp,7075229,,,bench_norm_1000,2014
C-922001,2016-02-04,Servicios Unidos,390207,,,bench_norm_1000,2016
C-115996,2013-10-26,Universal Contractors,5902287,,,bench_norm_1000,2014
C-901188,2011-02-21,Universal Contractors,5327908,,,bench_norm_1000,2011
C-165758,2012-03-22,Tech Solutions,4666602,,,bench_norm_1000,2012
C-507997,2014-10-19,Island Builders,5715474,,,bench_norm_1000,2015
C-814317,2015-07-15,Construcciones PR,7426590,,,bench_norm_1000,2015
C-859928,2019-12-18,Tech Solutions,2829768,,,bench_norm_1000,2020
C-728298,2011-03-13,Acme Corp,2259986,,,bench_norm_1000,2011
C-567978,2014-04-22,Island Builders,2867291,,,bench_norm_1000,2014
C-468837,2012-04-05,Marina Holdings,8666689,,,bench_norm_1000,2012
C-387284,2016-05-05,Universal Contractors,1323054,,,bench_norm_1000,2016
C-443757,2014-08-01,Marina Holdings,750797,,,bench_norm_1000,2014
C-535532,2016-03-16,Marina Holdings,872901,,,bench_norm_1000,2016
C-946233,2015-07-22,Universal Contractors,5405025,,,bench_norm_1000,2015
C-141860,2017-01-13,Marina Holdings,9276926,,,bench_norm_1000,2017
C-268612,2011-07-01,Marina Holdings,9518636,,,bench_norm_1000,2011
C-875036,2016-03-24,Marina Holdings,103029,,,bench_norm_1000,2016
C-891262,2018-07-29,Acme Corp,4083629,,,bench_norm_1000,2018
C-227110,2010-02-06,Acme Corp,6208561,,,bench_norm_1000,2010
C-530849,2017-10-05,Global Supply,747803,,,bench_norm_1000,2018
C-743082,2012-10-05,Acme Corp,6895606,,,bench_norm_1000,2013
C-335464,2015-05-11,Servicios Unidos,6703479,,,bench_norm_1000,2015
C-477002,2013-12-26,Construcciones PR,9083161,,,bench_norm_1000,2014
C-987625,2016-03-09,Construcciones PR,4926672,,,bench_norm_1000,2016
C-034015,2017-07-24,Bajos LLC,6712533,,,bench_norm_1000,2017
C-532254,2010-09-22,Marina Holdings,6380747,,,bench_norm_1000,2010
C-305527,2012-07-18,Universal Contractors,2340790,,,bench_norm_1000,2012
C-028009,2012-09-24,Global Supply,1145595,,,bench_norm_1000,2012
C-235628,2015-05-31,Acme Corp,2502932,,,bench_norm_1000,2015
C-824815,2013-04-27,Universal Contractors,3911886,,,bench_norm_1000,2013
C-803936,2016-03-09,Tech Solutions,3724404,,,bench_norm_1000,2016
C-386299,2011-07-11,Construcciones PR,6559820,,,bench_norm_1000,2011
C-229261,2019-07-07,Servicios Unidos,2675063,,,bench_norm_1000,2019
C-264575,2017-05-12,Island Builders,8227760,,,bench_norm_1000,2017
C-256100,2012-09-03,Tech Solutions,7132547,,,bench_norm_1000,2012
C-877844,2016-05-27,Construcciones PR,2392020,,,bench_norm_1000,2016
C-434762,2012-07-19,Construcciones PR,4485506,,,bench_norm_1000,2012
C-965291,2017-01-11,Acme Corp,7565480,,,bench_norm_1000,2017
C-211414,2013-05-03,Universal Contractors,5083986,,,bench_norm_1000,2013
C-913333,2016-02-18,Bajos LLC,4031181,,,bench_norm_1000,2016
C-717009,2011-12-31,Global Supply,2956207,,,bench_norm_1000,2012
C-219495,2011-11-29,Universal Contractors,946143,,,bench_norm_1000,2012
C-152892,2017-10-04,Tech Solutions,2509970,,,bench_norm_1000,2018
C-259519,2017-07-16,Servicios Unidos,2228855,,,bench_norm_1000,2017
C-863872,2018-09-09,Bajos LLC,5769154,,,bench_norm_1000,2018
C-682972,2016-11-29,Marina Holdings,5419800,,,bench_norm_1000,2017
C-990476,2018-03-21,Bajos LLC,825858,,,bench_norm_1000,2018
C-359282,2015-11-03,Acme Corp,3211410,,,bench_norm_1000,2016
C-946782,2012-10-22,Universal Contractors,2971941,,,bench_norm_1000,2013
C-609732,2012-04-14,Construcciones PR,4143462,,,bench_norm_1000,2012
C-001147,2015-03-31,Construcciones PR,9689608,,,bench_norm_1000,2015
C-532781,2017-12-08,Bajos LLC,7637327,,,bench_norm_1000,2018
C-772648,2010-01-02,Global Supply,5867135,,,bench_norm_1000,2010
C-999083,2011-08-24,Servicios Unidos,674103,,,bench_norm_1000,2011
C-855826,2013-12-29,Global Supply,8702276,,,bench_norm_1000,2014
C-510180,2014-10-05,Servicios Unidos,4075896,,,bench_norm_1000,2015
C-260852,2010-11-23,Marina Holdings,1514395,,,bench_norm_1000,2011
C-471783,2010-10-20,Construcciones PR,574117,,,bench_norm_1000,2011
C-964400,2018-06-09,Marina Holdings,4445147,,,bench_norm_1000,2018
C-285825,2010-10-21,Bajos LLC,2978164,,,bench_norm_1000,2011
C-116010,2013-11-06,Universal Contractors,4030925,,,bench_norm_1000,2014
C-336790,2015-12-21,Global Supply,1378654,,,bench_norm_1000,2016
C-195741,2013-03-01,Island Builders,4975354,,,bench_norm_1000,2013
C-239714,2016-03-28,Construcciones PR,1380991,,,bench_norm_1000,2016
C-039361,2019-10-04,Universal Contractors,4832840,,,bench_norm_1000,2020
C-782930,2014-03-09,Servicios Unidos,4128834,,,bench_norm_1000,2014
C-160243,2016-01-12,Tech Solutions,2248499,,,bench_norm_1000,2016
C-795565,2017-04-14,Construcciones PR,1072099,,,bench_norm_1000,2017
C-520820,2019-04-09,Bajos LLC,4749460,,,bench_norm_1000,2019
C-487443,2010-06-26,Island Builders,5191510,,,bench_norm_1000,2010
C-385871,2014-06-18,Universal Contractors,1614108,,,bench_norm_1000,2014
C-655347,2010-04-21,Tech Solutions,3626376,,,bench_norm_1000,2010
C-771884,2019-02-03,Tech Solutions,8940150,,,bench_norm_1000,2019
C-514660,2019-06-12,Global Supply,914145,,,bench_norm_1000,2019
C-246951,2010-07-10,Universal Contractors,2253280,,,bench_norm_1000,2010
C-936756,2017-01-09,Bajos LLC,4551551,,,bench_norm_1000,2017
C-062283,2018-12-24,Construcciones PR,8853300,,,bench_norm_1000,2019
C-376381,2016-01-26,Global Supply,4241125,,,bench_norm_1000,2016
C-926785,2014-04-13,Servicios Unidos,4189752,,,bench_norm_1000,2014
C-173537,2016-04-30,Bajos LLC,5369000,,,bench_norm_1000,2016
C-467443,2017-04-09,Servicios Unidos,1713007,,,bench_norm_1000,2017
C-809265,2012-11-20,Construcciones PR,7259905,,,bench_norm_1000,2013
C-887191,2019-11-26,Bajos LLC,1519579,,,bench_norm_1000,2020
C-164071,2010-07-31,Marina Holdings,536255,,,bench_norm_1000,2010
C-945245,2012-01-24,Marina Holdings,7289688,,,bench_norm_1000,2012
C-537856,2018-08-13,Global Supply,9015784,,,bench_norm_1000,2018
C-605208,2019-11-22,Bajos LLC,8981907,,,bench_norm_1000,2020
C-025629,2012-02-13,Global Supply,1332062,,,bench_norm_1000,2012
C-512033,2017-09-10,Global Supply,7668531,,,bench_norm_1000,2017
C-418683,2012-01-23,Servicios Unidos,4812692,,,bench_norm_1000,2012
C-601678,2011-09-02,Acme Corp,3086495,,,bench_norm_1000,2011
C-154970,2019-05-28,Acme Corp,2164744,,,bench_norm_1000,2019
C-009204,2010-11-11,Universal Contractors,3828198,,,bench_norm_1000,2011
C-787764,2012-09-17,Marina Holdings,6623810,,,bench_norm_1000,2012
C-532427,2011-11-17,Marina Holdings,1689002,,,bench_norm_1000,2012
C-313083,2015-09-27,Tech Solutions,3987781,,,bench_norm_1000,2015
C-277393,2014-09-29,Servicios Unidos,2117950,,,bench_norm_1000,2014
C-562800,2016-11-26,Tech Solutions,1758293,,,bench_norm_1000,2017
C-592078,2012-07-23,Acme Corp,4211749,,,bench_norm_1000,2012
C-160975,2010-12-30,Servicios Unidos,7430954,,,bench_norm_1000,2011
C-257784,2014-02-17,Island Builders,7787268,,,bench_norm_1000,2014
C-492327,2010-05-02,Tech Solutions,3772604,,,bench_norm_1000,2010
C-529125,2014-08-05,Universal Contractors,3515,,,bench_norm_1000,2014
C-984294,2017-09-01,Island Builders,178879,,,bench_norm_1000,2017
C-387499,2015-02-01,Island Builders,7224516,,,bench_norm_1000,2015
C-307263,2018-12-04,Global Supply,3510589,,,bench_norm_1000,2019
C-851473,2012-02-09,Universal Contractors,1656260,,,bench_norm_1000,2012
C-451875,2011-05-25,Tech Solutions,1402535,,,bench_norm_1000,2011
C-881349,2013-07-04,Global Supply,3294390,,,bench_norm_1000,2013
C-991877,2010-07-25,Bajos LLC,7452279,,,bench_norm_1000,2010
C-208170,2011-10-25,Global Supply,1602978,,,bench_norm_1000,2012
C-888105,2010-04-20,Acme Corp,912637,,,bench_norm_1000,2010
C-777901,2018-01-25,Acme Corp,7602503,,,bench_norm_1000,2018
C-176928,2012-07-13,Island Builders,7073782,,,bench_norm_1000,2012
C-497602,2019-06-13,Global Supply,7182186,,,bench_norm_1000,2019
C-036371,2011-08-25,Global Supply,5260883,,,bench_norm_1000,2011
C-574067,2018-09-22,Universal Contractors,8196532,,,bench_norm_1000,2018
C-202475,2012-09-24,Global Supply,8457383,,,bench_norm_1000,2012
C-271480,2011-01-19,Bajos LLC,6459631,,,bench_norm_1000,2011
C-631456,2010-07-26,Global Supply,5478601,,,bench_norm_1000,2010
C-355411,2011-04-13,Bajos LLC,306500,,,bench_norm_1000,2011
C-864301,2019-02-10,Bajos LLC,4759052,,,bench_norm_1000,2019
C-632476,2013-09-14,Tech Solutions,1235114,,,bench_norm_1000,2013
C-173999,2018-11-18,Global Supply,1087688,,,bench_norm_1000,2019
C-418154,2014-09-20,Bajos LLC,701586,,,bench_norm_1000,2014
C-121458,2011-02-12,Marina Holdings,4185153,,,bench_norm_1000,2011
C-495680,2014-11-26,Servicios Unidos,7323875,,,bench_norm_1000,2015
C-849890,2015-07-27,Servicios Unidos,1739632,,,bench_norm_1000,2015
C-055151,2013-01-09,Construcciones PR,5913765,,,bench_norm_1000,2013
C-354344,2012-03-15,Servicios Unidos,7073464,,,bench_norm_1000,2012
C-984292,2019-10-18,Universal Contractors,2894373,,,bench_norm_1000,2020
C-900683,2015-03-28,Tech Solutions,7791359,,,bench_norm_1000,2015
C-339478,2011-09-02,Acme Corp,2964896,,,bench_norm_1000,2011
C-380921,2011-12-21,Island Builders,5411758,,,bench_norm_1000,2012
C-195603,2010-10-02,Construcciones PR,3661816,,,bench_norm_1000,2011
C-334436,2019-12-14,Tech Solutions,6954725,,,bench_norm_1000,2020
C-413025,2014-08-08,Servicios Unidos,9479077,,,bench_norm_1000,2014
C-883086,2015-07-16,Acme Corp,6368936,,,bench_norm_1000,2015
C-895578,2010-10-13,Universal Contractors,8670252,,,bench_norm_1000,2011
C-127170,2010-11-08,Servicios Unidos,3654022,,,bench_norm_1000,2011
C-669268,2019-12-05,Tech Solutions,6375652,,,bench_norm_1000,2020
C-579764,2010-09-12,Tech Solutions,9856639,,,bench_norm_1000,2010
C-322278,2016-10-24,Tech Solutions,2144239,,,bench_norm_1000,2017
C-130550,2016-10-27,Acme Corp,3444588,,,bench_norm_1000,2017
C-723514,2014-03-23,Bajos LLC,770716,,,bench_norm_1000,2014
C-605063,2012-04-20,Global Supply,8274909,,,bench_norm_1000,2012
C-741303,2014-12-18,Island Builders,8453136,,,bench_norm_1000,2015
C-072173,2011-11-03,Acme Corp,1075068,,,bench_norm_1000,2012
C-438162,2011-02-08,Universal Contractors,9995864,,,bench_norm_1000,2011
C-757105,2012-06-10,Acme Corp,4390976,,,bench_norm_1000,2012
C-480475,2014-05-06,Construcciones PR,7651051,,,bench_norm_1000,2014
C-210543,2012-03-26,Acme Corp,226814,,,bench_norm_1000,2012
C-801571,2014-10-10,Marina Holdings,2772888,,,bench_norm_1000,2015
C-773904,2015-08-02,Acme Corp,2227224,,,bench_norm_1000,2015
C-551812,2015-09-16,Universal Contractors,4822032,,,bench_norm_1000,2015
C-364436,2013-01-05,Acme Corp,8438093,,,bench_norm_1000,2013
C-619546,2016-02-15,Construcciones PR,3259264,,,bench_norm_1000,2016
C-371917,2017-08-14,Bajos LLC,4117680,,,bench_norm_1000,2017
C-538006,2010-07-05,Servicios Unidos,2158875,,,bench_norm_1000,2010
C-765708,2011-07-16,Marina Holdings,4965961,,,bench_norm_1000,2011
C-746126,2010-01-18,Tech Solutions,1785412,,,bench_norm_1000,2010
C-210612,2012-02-19,Servicios Unidos,3281710,,,bench_norm_1000,2012
C-783251,2013-01-04,Island Builders,920232,,,bench_norm_1000,2013
C-201995,2017-11-02,Servicios Unidos,5724593,,,bench_norm_1000,2018
C-393794,2013-01-01,Acme Corp,8231854,,,bench_norm_1000,2013
C-063136,2017-10-17,Servicios Unidos,4370706,,,bench_norm_1000,2018
C-879109,2011-04-09,Universal Contractors,5251458,,,bench_norm_1000,2011
C-133208,2014-05-02,Tech Solutions,9410733,,,bench_norm_1000,2014
C-341609,2010-02-11,Acme Corp,9963908,,,bench_norm_1000,2010
C-361322,2010-02-19,Bajos LLC,7324237,,,bench_norm_1000,2010
C-139510,2012-07-12,Acme Corp,8856905,,,bench_norm_1000,2012
C-616429,2011-11-06,Universal Contractors,1074595,,,bench_norm_1000,2012
C-283675,2018-05-15,Tech Solutions,468381,,,bench_norm_1000,2018
C-474156,2011-08-23,Bajos LLC,7470203,,,bench_norm_1000,2011
C-997792,2012-01-13,Bajos LLC,9000817,,,bench_norm_1000,2012
C-773951,2018-07-18,Servicios Unidos,3093081,,,bench_norm_1000,2018
C-737130,2018-06-11,Global Supply,1978451,,,bench_norm_1000,2018
C-605516,2014-04-15,Global Supply,1670199,,,bench_norm_1000,2014
C-158589,2019-01-27,Tech Solutions,2396724,,,bench_norm_1000,2019
C-427879,2013-10-14,Servicios Unidos,5876407,,,bench_norm_1000,2014
C-915767,2018-06-28,Global Supply,9758699,,,bench_norm_1000,2018
C-450955,2011-02-28,Global Supply,3785035,,,bench_norm_1000,2011
C-028828,2016-06-06,Island Builders,7493020,,,bench_norm_1000,2016
C-828858,2013-12-13,Marina Holdings,9682423,,,bench_norm_1000,2014
C-580923,2010-03-04,Construcciones PR,5714730,,,bench_norm_1000,2010
C-387482,2016-12-09,Tech Solutions,8607248,,,bench_norm_1000,2017
C-423127,2010-04-06,Acme Corp,8800168,,,bench_norm_1000,2010
C-299007,2014-03-09,Universal Contractors,4049468,,,bench_norm_1000,2014
C-373841,2019-02-19,Universal Contractors,1707248,,,bench_norm_1000,2019
C-009696,2011-05-25,Bajos LLC,5894445,,,bench_norm_1000,2011
C-042539,2016-08-02,Tech Solutions,7703798,,,bench_norm_1000,2016
C-377290,2014-10-30,Construcciones PR,3798431,,,bench_norm_1000,2015
C-431792,2015-07-06,Acme Corp,4850978,,,bench_norm_1000,2015
C-593901,2014-09-18,Universal Contractors,982520,,,bench_norm_1000,2014
C-499480,2010-09-03,Tech Solutions,2974177,,,bench_norm_1000,2010
C-240404,2013-03-12,Construcciones PR,6599293,,,bench_norm_1000,2013
C-566341,2018-10-26,Bajos LLC,3275335,,,bench_norm_1000,2019
C-251163,2016-01-22,Servicios Unidos,2175769,,,bench_norm_1000,2016
C-070659,2018-09-17,Global Supply,7945250,,,bench_norm_1000,2018
C-765067,2018-08-02,Acme Corp,3775175,,,bench_norm_1000,2018
C-471264,2013-07-19,Global Supply,8422791,,,bench_norm_1000,2013
C-512957,2016-01-28,Universal Contractors,8975468,,,bench_norm_1000,2016
C-788630,2012-07-01,Island Builders,5757140,,,bench_norm_1000,2012
C-907486,2010-11-05,Bajos LLC,4688902,,,bench_norm_1000,2011
C-848539,2017-07-12,Global Supply,5204774,,,bench_norm_1000,2017
C-182848,2014-09-28,Global Supply,2691543,,,bench_norm_1000,2014
C-745724,2011-04-29,Bajos LLC,708661,,,bench_norm_1000,2011
C-319292,2018-05-27,Universal Contractors,4947150,,,bench_norm_1000,2018
C-182244,2016-04-26,Island Builders,7022072,,,bench_norm_1000,2016
C-475940,2017-11-12,Global Supply,7666234,,,bench_norm_1000,2018
C-295296,2015-03-18,Global Supply,9259892,,,bench_norm_1000,2015
C-414937,2011-05-15,Bajos LLC,4421204,,,bench_norm_1000,2011
C-942441,2018-09-21,Marina Holdings,1003006,,,bench_norm_1000,2018
C-816481,2010-11-17,Construcciones PR,4994292,,,bench_norm_1000,2011
C-395106,2014-02-18,Marina Holdings,2319462,,,bench_norm_1000,2014
C-857235,2014-11-09,Bajos LLC,7778968,,,bench_norm_1000,2015
C-559281,2016-12-09,Tech Solutions,5437514,,,bench_norm_1000,2017
C-820014,2015-06-15,Servicios Unidos,1907511,,,bench_norm_1000,2015
C-584953,2018-03-10,Marina Holdings,6697544,,,bench_norm_1000,2018
C-844607,2012-02-07,Tech Solutions,9134585,,,bench_norm_1000,2012
C-207097,2016-04-23,Marina Holdings,5081581,,,bench_norm_1000,2016
C-159328,2019-11-06,Servicios Unidos,7266766,,,bench_norm_1000,2020
C-342527,2013-12-09,Bajos LLC,8546948,,,bench_norm_1000,2014
C-996795,2016-06-07,Global Supply,8385789,,,bench_norm_1000,2016
C-735316,2013-12-14,Bajos LLC,1043079,,,bench_norm_1000,2014
C-276185,2014-04-15,Acme Corp,4753154,,,bench_norm_1000,2014
C-932470,2012-11-27,Island Builders,4088421,,,bench_norm_1000,2013
C-611921,2018-12-21,Universal Contractors,2673184,,,bench_norm_1000,2019
C-972071,2012-07-16,Global Supply,8366364,,,bench_norm_1000,2012
C-467736,2013-07-17,Servicios Unidos,1487386,,,bench_norm_1000,2013
C-383653,2010-09-29,Tech Solutions,6279801,,,bench_norm_1000,2010
C-802477,2015-06-23,Construcciones PR,1429366,,,bench_norm_1000,2015
C-349809,2017-11-01,Construcciones PR,8655330,,,bench_norm_1000,2018
C-519812,2012-11-06,Global Supply,6398716,,,bench_norm_1000,2013
C-336296,2014-10-06,Construcciones PR,7482067,,,bench_norm_1000,2015
C-909277,2014-07-21,Acme Corp,1833689,,,bench_norm_1000,2014
C-502697,2015-12-24,Universal Contractors,2647160,,,bench_norm_1000,2016
C-692122,2018-09-26,Acme Corp,7503238,,,bench_norm_1000,2018
C-408254,2014-08-20,Tech Solutions,5061695,,,bench_norm_1000,2014
C-179856,2010-11-17,Construcciones PR,4075314,,,bench_norm_1000,2011
C-342543,2019-03-09,Tech Solutions,5720988,,,bench_norm_1000,2019
C-940559,2015-04-09,Acme Corp,5393598,,,bench_norm_1000,2015
C-698432,2013-07-17,Bajos LLC,8002620,,,bench_norm_1000,2013
C-441032,2015-05-20,Acme Corp,8283771,,,bench_norm_1000,2015
C-178315,2015-07-02,Tech Solutions,39012,,,bench_norm_1000,2015
C-319568,2017-12-26,Acme Corp,7193631,,,bench_norm_1000,2018
C-213360,2012-05-20,Bajos LLC,498682,,,bench_norm_1000,2012
C-748821,2014-02-01,Acme Corp,2648273,,,bench_norm_1000,2014
C-284227,2017-08-16,Construcciones PR,9418172,,,bench_norm_1000,2017
C-125022,2017-09-14,Universal Contractors,3267146,,,bench_norm_1000,2017
C-581566,2018-11-12,Bajos LLC,6115944,,,bench_norm_1000,2019
C-794512,2010-03-12,Bajos LLC,988209,,,bench_norm_1000,2010
C-517263,2016-08-06,Island Builders,887591,,,bench_norm_1000,2016
C-045048,2011-11-26,Global Supply,8685327,,,bench_norm_1000,2012
C-885669,2013-03-08,Bajos LLC,1582621,,,bench_norm_1000,2013
C-168008,2015-01-22,Global Supply,1829373,,,bench_norm_1000,2015
C-729168,2014-10-13,Bajos LLC,1733358,,,bench_norm_1000,2015
C-528391,2013-07-30,Bajos LLC,2662735,,,bench_norm_1000,2013
C-927533,2012-02-15,Island Builders,3409890,,,bench_norm_1000,2012
C-618031,2015-07-26,Global Supply,6462915,,,bench_norm_1000,2015
C-254851,2015-04-19,Acme Corp,8450291,,,bench_norm_1000,2015
C-929904,2017-06-05,Tech Solutions,4215947,,,bench_norm_1000,2017
C-242766,2018-05-19,Marina Holdings,9461439,,,bench_norm_1000,2018
C-243874,2018-11-14,Global Supply,8454610,,,bench_norm_1000,2019
C-110440,2012-11-12,Bajos LLC,759182,,,bench_norm_1000,2013
C-360019,2019-07-16,Island Builders,6660262,,,bench_norm_1000,2019
C-502467,2013-09-11,Servicios Unidos,7200204,,,bench_norm_1000,2013
C-928570,2017-02-09,Servicios Unidos,7213266,,,bench_norm_1000,2017
C-381803,2015-12-06,Bajos LLC,481548,,,bench_norm_1000,2016
C-205358,2014-03-26,Universal Contractors,7996665,,,bench_norm_1000,2014
C-277677,2012-11-14,Tech Solutions,1630834,,,bench_norm_1000,2013
C-694258,2010-12-16,Acme Corp,1894996,,,bench_norm_1000,2011
C-202428,2010-02-13,Acme Corp,1904109,,,bench_norm_1000,2010
C-877647,2017-11-27,Bajos LLC,1531700,,,bench_norm_1000,2018
C-199274,2010-03-12,Global Supply,1970557,,,bench_norm_1000,2010
C-992051,2019-07-08,Servicios Unidos,5295376,,,bench_norm_1000,2019
C-866159,2012-04-16,Universal Contractors,4830405,,,bench_norm_1000,2012
C-784993,2018-06-28,Servicios Unidos,9607280,,,bench_norm_1000,2018
C-714478,2010-06-07,Acme Corp,6054123,,,bench_norm_1000,2010
C-811594,2015-07-20,Acme Corp,229433,,,bench_norm_1000,2015
C-638550,2012-04-18,Tech Solutions,3859916,,,bench_norm_1000,2012
C-377074,2016-08-20,Marina Holdings,7545621,,,bench_norm_1000,2016
C-928664,2019-01-10,Island Builders,652160,,,bench_norm_1000,2019
C-284329,2017-07-25,Acme Corp,3091303,,,bench_norm_1000,2017
C-666253,2012-12-07,Bajos LLC,7314268,,,bench_norm_1000,2013
C-449530,2016-08-20,Construcciones PR,6432454,,,bench_norm_1000,2016
C-416990,2017-12-10,Servicios Unidos,2967447,,,bench_norm_1000,2018
C-135752,2016-08-28,Construcciones PR,2372895,,,bench_norm_1000,2016
C-340333,2015-10-11,Bajos LLC,6405105,,,bench_norm_1000,2016
C-295609,2011-05-18,Marina Holdings,5460070,,,bench_norm_1000,2011
C-725725,2013-04-13,Bajos LLC,828865,,,bench_norm_1000,2013
C-641938,2018-09-22,Tech Solutions,6853497,,,bench_norm_1000,2018
C-631569,2015-01-20,Island Builders,4202543,,,bench_norm_1000,2015
C-050126,2011-01-04,Island Builders,6413538,,,bench_norm_1000,2011
C-716642,2013-10-07,Construcciones PR,3888437,,,bench_norm_1000,2014
C-809877,2011-07-03,Servicios Unidos,55599,,,bench_norm_1000,2011
C-011197,2010-05-31,Global Supply,9324509,,,bench_norm_1000,2010
C-928797,2018-05-29,Marina Holdings,9421897,,,bench_norm_1000,2018
C-007484,2014-04-25,Marina Holdings,6783326,,,bench_norm_1000,2014
C-756475,2011-02-27,Island Builders,261162,,,bench_norm_1000,2011
C-787900,2014-12-28,Bajos LLC,8823304,,,bench_norm_1000,2015
C-731748,2012-09-11,Servicios Unidos,4754388,,,bench_norm_1000,2012
C-270398,2018-11-19,Island Builders,3057943,,,bench_norm_1000,2019
C-100444,2010-10-18,Island Builders,5473127,,,bench_norm_1000,2011
C-415087,2018-04-21,Tech Solutions,1163395,,,bench_norm_1000,2018
C-372059,2017-02-20,Universal Contractors,2632406,,,bench_norm_1000,2017
C-054703,2017-10-10,Universal Contractors,2685014,,,bench_norm_1000,2018
C-950840,2017-02-28,Bajos LLC,7248176,,,bench_norm_1000,2017
C-963978,2018-07-09,Bajos LLC,7031270,,,bench_norm_1000,2018
C-171894,2017-03-22,Construcciones PR,8865475,,,bench_norm_1000,2017
C-397327,2018-03-17,Bajos LLC,9830926,,,bench_norm_1000,2018
C-903707,2018-08-04,Construcciones PR,1343226,,,bench_norm_1000,2018
C-918307,2018-05-21,Island Builders,9061967,,,bench_norm_1000,2018
C-383048,2013-03-04,Acme Corp,6383565,,,bench_norm_1000,2013
C-986732,2016-07-18,Construcciones PR,3579242,,,bench_norm_1000,2016
C-238115,2017-06-20,Global Supply,9403311,,,bench_norm_1000,2017
C-161250,2018-11-02,Tech Solutions,7445513,,,bench_norm_1000,2019
C-037124,2012-04-03,Island Builders,2218670,,,bench_norm_1000,2012
C-626120,2013-02-07,Universal Contractors,6502159,,,bench_norm_1000,2013
C-664930,2014-09-28,Global Supply,4099281,,,bench_norm_1000,2014
C-696886,2017-12-07,Marina Holdings,8183955,,,bench_norm_1000,2018
C-226913,2013-12-27,Island Builders,6455774,,,bench_norm_1000,2014
C-770298,2012-12-08,Bajos LLC,5236300,,,bench_norm_1000,2013
C-264848,2019-07-13,Construcciones PR,8516306,,,bench_norm_1000,2019
C-038122,2015-10-23,Acme Corp,6714100,,,bench_norm_1000,2016
C-001181,2014-08-11,Tech Solutions,2445010,,,bench_norm_1000,2014
C-551161,2014-07-12,Island Builders,8232668,,,bench_norm_1000,2014
C-935281,2017-03-21,Tech Solutions,3174416,,,bench_norm_1000,2017
C-251119,2018-12-31,Tech Solutions,6071178,,,bench_norm_1000,2019
C-380774,2012-12-29,Construcciones PR,8022531,,,bench_norm_1000,2013
C-518726,2010-12-28,Universal Contractors,385165,,,bench_norm_1000,2011
C-960207,2012-08-14,Servicios Unidos,3578607,,,bench_norm_1000,2012
C-733050,2014-03-26,Marina Holdings,5469182,,,bench_norm_1000,2014
C-789422,2010-02-24,Construcciones PR,5384872,,,bench_norm_1000,2010
C-826338,2012-02-19,Bajos LLC,3185518,,,bench_norm_1000,2012
C-392772,2013-12-14,Construcciones PR,365668,,,bench_norm_1000,2014
C-802835,2011-12-27,Servicios Unidos,5088080,,,bench_norm_1000,2012
C-393590,2013-04-11,Global Supply,4053158,,,bench_norm_1000,2013
C-451050,2019-11-21,Global Supply,4782070,,,bench_norm_1000,2020
C-202072,2018-10-12,Universal Contractors,2333121,,,bench_norm_1000,2019
C-216653,2017-05-06,Servicios Unidos,3759293,,,bench_norm_1000,2017
C-340758,2010-01-17,Tech Solutions,2319013,,,bench_norm_1000,2010
C-933454,2019-07-25,Bajos LLC,7381528,,,bench_norm_1000,2019
C-125826,2011-09-29,Global Supply,6819019,,,bench_norm_1000,2011
C-206878,2014-10-05,Construcciones PR,1795842,,,bench_norm_1000,2015
C-065443,2019-05-03,Tech Solutions,8506885,,,bench_norm_1000,2019
C-181247,2014-06-21,Island Builders,1605636,,,bench_norm_1000,2014
C-386600,2013-08-26,Universal Contractors,7399419,,,bench_norm_1000,2013
C-645443,2017-09-17,Marina Holdings,8071185,,,bench_norm_1000,2017
C-004907,2011-12-08,Marina Holdings,4794236,,,bench_norm_1000,2012
C-571272,2015-12-25,Servicios Unidos,6801467,,,bench_norm_1000,2016
C-741925,2019-03-13,Marina Holdings,9431937,,,bench_norm_1000,2019
C-094817,2015-02-24,Global Supply,4716522,,,bench_norm_1000,2015
C-301260,2019-10-26,Island Builders,2389292,,,bench_norm_1000,2020
C-000203,2015-07-29,Acme Corp,8839877,,,bench_norm_1000,2015
C-059048,2014-01-15,Global Supply,6145195,,,bench_norm_1000,2014
C-596473,2016-10-20,Acme Corp,706062,,,bench_norm_1000,2017
C-340837,2015-10-19,Global Supply,5559380,,,bench_norm_1000,2016
C-340830,2018-09-15,Universal Contractors,2723723,,,bench_norm_1000,2018
C-769168,2018-01-31,Acme Corp,6784835,,,bench_norm_1000,2018
C-254500,2017-01-26,Marina Holdings,4840148,,,bench_norm_1000,2017
C-005711,2011-08-30,Island Builders,5617898,,,bench_norm_1000,2011
C-600241,2019-05-27,Universal Contractors,2808866,,,bench_norm_1000,2019
C-421183,2012-11-03,Tech Solutions,6149687,,,bench_norm_1000,2013
C-208714,2015-11-23,Island Builders,6938089,,,bench_norm_1000,2016
C-068911,2017-04-02,Servicios Unidos,8864531,,,bench_norm_1000,2017
C-924403,2018-12-03,Global Supply,2573270,,,bench_norm_1000,2019
C-005289,2012-04-06,Tech Solutions,9246409,,,bench_norm_1000,2012
C-326081,2012-10-25,Universal Contractors,3237681,,,bench_norm_1000,2013
C-203703,2015-06-11,Global Supply,304400,,,bench_norm_1000,2015
C-788499,2012-07-29,Acme Corp,7193300,,,bench_norm_1000,2012
C-483494,2011-01-29,Servicios Unidos,9874390,,,bench_norm_1000,2011
C-428297,2015-11-07,Tech Solutions,340079,,,bench_norm_1000,2016
C-000038,2019-06-05,Servicios Unidos,9826627,,,bench_norm_1000,2019
C-207304,2016-11-13,Tech Solutions,8686285,,,bench_norm_1000,2017
C-487685,2016-12-11,Global Supply,230856,,,bench_norm_1000,2017
C-988348,2011-03-04,Bajos LLC,2876897,,,bench_norm_1000,2011
C-930800,2019-09-23,Tech Solutions,1067707,,,bench_norm_1000,2019
C-960330,2018-11-27,Island Builders,9501582,,,bench_norm_1000,2019
C-154369,2010-04-25,Global Supply,1853879,,,bench_norm_1000,2010
C-532023,2011-03-27,Marina Holdings,3943138,,,bench_norm_1000,2011
C-157916,2019-10-01,Tech Solutions,1422104,,,bench_norm_1000,2020
C-209135,2018-05-14,Marina Holdings,3493603,,,bench_norm_1000,2018
C-175773,2013-05-06,Tech Solutions,5823564,,,bench_norm_1000,2013
C-784932,2016-02-27,Marina Holdings,673734,,,bench_norm_1000,2016
C-413652,2013-07-18,Bajos LLC,1460764,,,bench_norm_1000,2013
C-274167,2015-12-29,Acme Corp,3185439,,,bench_norm_1000,2016
C-624776,2011-11-16,Acme Corp,7607512,,,bench_norm_1000,2012
C-687322,2015-09-28,Tech Solutions,1803465,,,bench_norm_1000,2015
C-907609,2012-04-07,Tech Solutions,1409154,,,bench_norm_1000,2012
C-002989,2012-02-11,Construcciones PR,4206705,,,bench_norm_1000,2012
C-287997,2019-04-29,Servicios Unidos,2486390,,,bench_norm_1000,2019
C-662848,2012-02-20,Construcciones PR,5285036,,,bench_norm_1000,2012
C-432499,2017-07-10,Tech Solutions,6417046,,,bench_norm_1000,2017
C-887354,2015-11-13,Acme Corp,5068290,,,bench_norm_1000,2016
C-993658,2014-10-10,Universal Contractors,2738199,,,bench_norm_1000,2015
C-590909,2018-04-10,Marina Holdings,5938492,,,bench_norm_1000,2018
C-583101,2014-11-28,Marina Holdings,3276549,,,bench_norm_1000,2015
C-461419,2010-02-16,Construcciones PR,4230996,,,bench_norm_1000,2010
C-492593,2017-09-27,Global Supply,8946193,,,bench_norm_1000,2017
C-655966,2019-06-02,Construcciones PR,8522540,,,bench_norm_1000,2019
C-525466,2014-01-28,Global Supply,6704303,,,bench_norm_1000,2014
C-195906,2012-03-31,Construcciones PR,6751481,,,bench_norm_1000,2012
C-391870,2016-12-09,Marina Holdings,448427,,,bench_norm_1000,2017
C-514190,2015-12-22,Acme Corp,2262061,,,bench_norm_1000,2016
C-534742,2018-10-20,Universal Contractors,7813048,,,bench_norm_1000,2019
C-196909,2011-01-16,Tech Solutions,5861739,,,bench_norm_1000,2011
C-933780,2017-02-25,Bajos LLC,7994710,,,bench_norm_1000,2017
C-632425,2013-12-18,Universal Contractors,847139,,,bench_norm_1000,2014
C-035810,2011-12-15,Acme Corp,8269607,,,bench_norm_1000,2012
C-393666,2010-04-22,Construcciones PR,6967511,,,bench_norm_1000,2010
C-478462,2019-08-06,Acme Corp,417686,,,bench_norm_1000,2019
C-399405,2014-04-07,Construcciones PR,298184,,,bench_norm_1000,2014
C-621729,2017-07-04,Acme Corp,8882884,,,bench_norm_1000,2017
C-996962,2016-12-04,Global Supply,9397166,,,bench_norm_1000,2017
C-008564,2015-10-05,Acme Corp,4643915,,,bench_norm_1000,2016
C-614944,2017-05-28,Bajos LLC,9560776,,,bench_norm_1000,2017
C-810397,2019-06-19,Construcciones PR,9336147,,,bench_norm_1000,2019
C-590001,2015-05-16,Construcciones PR,7781887,,,bench_norm_1000,2015
C-499408,2013-04-04,Island Builders,3815311,,,bench_norm_1000,2013
C-552648,2016-12-03,Island Builders,9746356,,,bench_norm_1000,2017
C-108640,2010-09-01,Bajos LLC,4554262,,,bench_norm_1000,2010
C-324314,2016-08-03,Bajos LLC,4378510,,,bench_norm_1000,2016
C-242031,2018-08-15,Servicios Unidos,404165,,,bench_norm_1000,2018
C-985095,2019-01-13,Servicios Unidos,6924674,,,bench_norm_1000,2019
C-387215,2011-11-03,Universal Contractors,5011622,,,bench_norm_1000,2012
C-354928,2016-02-29,Servicios Unidos,1841027,,,bench_norm_1000,2016
C-747959,2018-10-01,Tech Solutions,2753180,,,bench_norm_1000,2019
C-730056,2010-04-17,Bajos LLC,3313301,,,bench_norm_1000,2010
C-215474,2010-06-27,Island Builders,6640618,,,bench_norm_1000,2010
C-846131,2019-05-17,Marina Holdings,652907,,,bench_norm_1000,2019
C-538599,2012-10-28,Acme Corp,9371864,,,bench_norm_1000,2013
C-566340,2017-07-06,Universal Contractors,4497883,,,bench_norm_1000,2017
C-258063,2015-09-25,Bajos LLC,3522908,,,bench_norm_1000,2015
C-714125,2011-05-30,Bajos LLC,786443,,,bench_norm_1000,2011
C-355089,2013-05-27,Construcciones PR,8627744,,,bench_norm_1000,2013
C-944497,2013-11-04,Acme Corp,9979236,,,bench_norm_1000,2014
C-417868,2019-04-04,Global Supply,5582371,,,bench_norm_1000,2019
C-373619,2015-01-26,Acme Corp,3210866,,,bench_norm_1000,2015
C-626851,2013-03-23,Global Supply,9139434,,,bench_norm_1000,2013
C-595546,2015-07-08,Construcciones PR,4645522,,,bench_norm_1000,2015
C-686945,2016-04-19,Construcciones PR,9436026,,,bench_norm_1000,2016
C-632316,2012-07-03,Tech Solutions,9922421,,,bench_norm_1000,2012
C-671335,2010-08-14,Servicios Unidos,7414443,,,bench_norm_1000,2010
C-186403,2016-11-28,Construcciones PR,6407024,,,bench_norm_1000,2017
C-286916,2012-11-18,Tech Solutions,1147033,,,bench_norm_1000,2013
C-429821,2015-10-13,Tech Solutions,7571349,,,bench_norm_1000,2016
C-034287,2012-12-29,Island Builders,8784900,,,bench_norm_1000,2013
C-146676,2013-11-10,Bajos LLC,4347971,,,bench_norm_1000,2014
C-907215,2011-10-02,Island Builders,3717777,,,bench_norm_1000,2012
C-810221,2010-08-20,Bajos LLC,6787164,,,bench_norm_1000,2010
C-722375,2010-07-20,Servicios Unidos,5879960,,,bench_norm_1000,2010
C-373112,2013-11-12,Tech Solutions,2719860,,,bench_norm_1000,2014
C-864804,2014-12-21,Construcciones PR,2070476,,,bench_norm_1000,2015
C-877578,2014-02-17,Bajos LLC,2689198,,,bench_norm_1000,2014
C-193356,2011-07-25,Tech Solutions,342735,,,bench_norm_1000,2011
C-595317,2011-09-15,Bajos LLC,8831124,,,bench_norm_1000,2011
C-805420,2012-04-27,Universal Contractors,7583894,,,bench_norm_1000,2012
C-132669,2013-07-07,Tech Solutions,1222831,,,bench_norm_1000,2013
C-844599,2019-04-02,Servicios Unidos,2166472,,,bench_norm_1000,2019
C-930624,2014-06-06,Bajos LLC,217384,,,bench_norm_1000,2014
C-832435,2019-09-08,Servicios Unidos,2369477,,,bench_norm_1000,2019
C-145342,2017-07-17,Island Builders,1800363,,,bench_norm_1000,2017
C-773166,2017-02-13,Acme Corp,4429789,,,bench_norm_1000,2017
C-171381,2017-03-31,Tech Solutions,2076796,,,bench_norm_1000,2017
C-994060,2013-10-28,Acme Corp,5519864,,,bench_norm_1000,2014
C-695855,2011-10-31,Universal Contractors,273997,,,bench_norm_1000,2012
C-385592,2010-03-16,Tech Solutions,842856,,,bench_norm_1000,2010
C-564520,2010-05-09,Island Builders,8452826,,,bench_norm_1000,2010
C-602343,2013-12-18,Marina Holdings,3388239,,,bench_norm_1000,2014
C-185983,2015-05-17,Island Builders,1860031,,,bench_norm_1000,2015
C-210011,2016-05-25,Construcciones PR,2538353,,,bench_norm_1000,2016
C-457731,2012-08-24,Global Supply,2590434,,,bench_norm_1000,2012
C-890353,2014-01-16,Tech Solutions,1822438,,,bench_norm_1000,2014
C-464612,2017-11-17,Universal Contractors,5206481,,,bench_norm_1000,2018
C-794460,2012-09-26,Acme Corp,4260326,,,bench_norm_1000,2012
C-817371,2018-10-26,Bajos LLC,5760087,,,bench_norm_1000,2019
C-934881,2017-10-31,Bajos LLC,9473729,,,bench_norm_1000,2018
C-152930,2013-07-29,Marina Holdings,2646310,,,bench_norm_1000,2013
C-456765,2016-11-26,Universal Contractors,661656,,,bench_norm_1000,2017
C-820111,2016-01-25,Bajos LLC,6394105,,,bench_norm_1000,2016
C-521961,2019-05-27,Marina Holdings,9592227,,,bench_norm_1000,2019
C-491797,2016-06-23,Global Supply,9903713,,,bench_norm_1000,2016
C-295566,2017-04-26,Bajos LLC,143686,,,bench_norm_1000,2017
C-249693,2018-08-16,Acme Corp,5332289,,,bench_norm_1000,2018
C-254435,2012-06-02,Marina Holdings,3751204,,,bench_norm_1000,2012
C-132344,2016-12-16,Global Supply,3917815,,,bench_norm_1000,2017
C-377672,2010-11-02,Marina Holdings,2892639,,,bench_norm_1000,2011
C-167064,2014-04-03,Island Builders,4332707,,,bench_norm_1000,2014
C-493805,2018-01-16,Servicios Unidos,8592377,,,bench_norm_1000,2018
C-712541,2018-08-15,Tech Solutions,52440,,,bench_norm_1000,2018
C-512376,2015-11-14,Island Builders,9644980,,,bench_norm_1000,2016
C-206496,2013-07-04,Bajos LLC,5099090,,,bench_norm_1000,2013
C-015605,2010-01-30,Tech Solutions,5854693,,,bench_norm_1000,2010
C-064623,2011-01-29,Global Supply,3655595,,,bench_norm_1000,2011
C-499135,2019-08-20,Universal Contractors,8446250,,,bench_norm_1000,2019
C-560620,2019-10-03,Universal Contractors,1974628,,,bench_norm_1000,2020
C-087106,2011-05-02,Island Builders,863623,,,bench_norm_1000,2011
C-461856,2018-06-07,Global Supply,2029781,,,bench_norm_1000,2018
C-803504,2015-12-26,Marina Holdings,2681632,,,bench_norm_1000,2016
C-618613,2012-10-10,Global Supply,3203858,,,bench_norm_1000,2013
C-707867,2014-12-10,Marina Holdings,1917935,,,bench_norm_1000,2015
C-048059,2019-08-06,Universal Contractors,7474562,,,bench_norm_1000,2019
C-658375,2011-06-03,Servicios Unidos,8428144,,,bench_norm_1000,2011
C-982148,2010-10-02,Global Supply,4204701,,,bench_norm_1000,2011
C-104392,2016-04-23,Universal Contractors,5272100,,,bench_norm_1000,2016
C-327329,2014-12-11,Bajos LLC,4075497,,,bench_norm_1000,2015
C-872366,2017-10-28,Universal Contractors,2321745,,,bench_norm_1000,2018
C-949579,2013-04-22,Acme Corp,2221226,,,bench_norm_1000,2013
C-859202,2015-08-14,Tech Solutions,382641,,,bench_norm_1000,2015
C-022766,2013-12-21,Servicios Unidos,4302561,,,bench_norm_1000,2014
C-508174,2012-01-26,Global Supply,8932493,,,bench_norm_1000,2012
C-698630,2017-09-10,Universal Contractors,2956348,,,bench_norm_1000,2017
C-701905,2013-01-19,Universal Contractors,4448377,,,bench_norm_1000,2013
C-716392,2010-03-26,Marina Holdings,9268173,,,bench_norm_1000,2010
C-278105,2015-12-21,Bajos LLC,4044340,,,bench_norm_1000,2016
C-661693,2015-01-09,Global Supply,9989197,,,bench_norm_1000,2015
C-573450,2019-01-18,Tech Solutions,8553772,,,bench_norm_1000,2019
C-586774,2011-04-15,Universal Contractors,8364585,,,bench_norm_1000,2011
C-008348,2014-07-15,Island Builders,8034977,,,bench_norm_1000,2014
C-031724,2013-07-08,Bajos LLC,3471675,,,bench_norm_1000,2013
C-918156,2011-04-23,Marina Holdings,8897893,,,bench_norm_1000,2011
C-370827,2016-07-03,Island Builders,5467035,,,bench_norm_1000,2016
C-557742,2013-11-26,Servicios Unidos,6541744,,,bench_norm_1000,2014
C-683040,2012-03-03,Tech Solutions,4793800,,,bench_norm_1000,2012
C-186816,2014-05-30,Acme Corp,1028680,,,bench_norm_1000,2014
C-990739,2010-05-08,Servicios Unidos,2785870,,,bench_norm_1000,2010
C-956939,2018-11-17,Acme Corp,3225437,,,bench_norm_1000,2019
C-521147,2013-08-03,Global Supply,7486674,,,bench_norm_1000,2013
C-145306,2010-05-20,Universal Contractors,7154083,,,bench_norm_1000,2010
C-857788,2017-05-16,Universal Contractors,8349306,,,bench_norm_1000,2017
C-385428,2015-03-28,Bajos LLC,2322665,,,bench_norm_1000,2015
C-273131,2017-03-21,Island Builders,5652338,,,bench_norm_1000,2017
C-807258,2011-04-21,Tech Solutions,9680433,,,bench_norm_1000,2011
C-015124,2019-04-03,Acme Corp,1692551,,,bench_norm_1000,2019
C-701213,2019-10-03,Construcciones PR,3920862,,,bench_norm_1000,2020
C-818784,2018-07-15,Servicios Unidos,3021070,,,bench_norm_1000,2018
C-179789,2010-11-29,Island Builders,4759476,,,bench_norm_1000,2011
C-700010,2013-05-04,Bajos LLC,7008942,,,bench_norm_1000,2013
C-655511,2011-01-31,Global Supply,9326770,,,bench_norm_1000,2011
C-301835,2013-09-23,Acme Corp,4700287,,,bench_norm_1000,2013
C-713693,2016-08-18,Bajos LLC,9215420,,,bench_norm_1000,2016
C-560154,2019-10-26,Global Supply,7338200,,,bench_norm_1000,2020
C-831306,2019-12-04,Global Supply,9468464,,,bench_norm_1000,2020
C-645410,2014-10-13,Bajos LLC,5603580,,,bench_norm_1000,2015
C-834117,2017-08-27,Construcciones PR,5897283,,,bench_norm_1000,2017
C-483769,2016-11-03,Global Supply,4243831,,,bench_norm_1000,2017
C-244474,2010-10-28,Construcciones PR,8582915,,,bench_norm_1000,2011
C-998282,2012-06-14,Servicios Unidos,5539743,,,bench_norm_1000,2012
C-485262,2014-01-12,Construcciones PR,4351961,,,bench_norm_1000,2014
C-899107,2012-08-09,Acme Corp,2883625,,,bench_norm_1000,2012
C-116645,2018-06-18,Global Supply,1591693,,,bench_norm_1000,2018
C-817340,2011-08-21,Marina Holdings,3023883,,,bench_norm_1000,2011
C-141210,2015-03-05,Global Supply,5426521,,,bench_norm_1000,2015
C-386387,2010-01-08,Tech Solutions,6198985,,,bench_norm_1000,2010
C-083284,2011-01-06,Construcciones PR,1533228,,,bench_norm_1000,2011
C-615550,2011-03-30,Acme Corp,1895655,,,bench_norm_1000,2011
C-012756,2014-02-14,Acme Corp,2388223,,,bench_norm_1000,2014
C-316490,2012-12-15,Construcciones PR,2926879,,,bench_norm_1000,2013
C-302099,2019-03-23,Marina Holdings,241198,,,bench_norm_1000,2019
C-202005,2012-12-07,Servicios Unidos,4402891,,,bench_norm_1000,2013
C-721763,2015-08-05,Construcciones PR,1461540,,,bench_norm_1000,2015
C-815059,2017-03-23,Marina Holdings,598016,,,bench_norm_1000,2017
C-682709,2012-03-15,Acme Corp,7620647,,,bench_norm_1000,2012
C-312399,2011-10-20,Tech Solutions,3136584,,,bench_norm_1000,2012
C-567878,2016-09-29,Construcciones PR,4518597,,,bench_norm_1000,2016
C-666035,2019-10-02,Tech Solutions,6730681,,,bench_norm_1000,2020
C-572164,2010-07-29,Marina Holdings,5854231,,,bench_norm_1000,2010
C-992796,2014-10-11,Construcciones PR,3904232,,,bench_norm_1000,2015
C-982749,2011-12-09,Acme Corp,2162033,,,bench_norm_1000,2012
C-303039,2016-11-05,Construcciones PR,7038479,,,bench_norm_1000,2017
C-752688,2011-07-04,Bajos LLC,3641697,,,bench_norm_1000,2011
C-787289,2013-05-02,Construcciones PR,863895,,,bench_norm_1000,2013
C-340328,2017-05-20,Universal Contractors,3771722,,,bench_norm_1000,2017
C-507121,2014-05-24,Acme Corp,1134648,,,bench_norm_1000,2014
C-294999,2013-05-15,Marina Holdings,5794358,,,bench_norm_1000,2013
C-500831,2013-08-12,Servicios Unidos,6108152,,,bench_norm_1000,2013
C-790226,2010-07-18,Bajos LLC,442367,,,bench_norm_1000,2010
C-272300,2013-07-17,Island Builders,3414667,,,bench_norm_1000,2013
C-642210,2013-09-11,Marina Holdings,5872359,,,bench_norm_1000,2013
C-224750,2018-01-10,Universal Contractors,9009453,,,bench_norm_1000,2018
C-663275,2016-09-26,Bajos LLC,4852018,,,bench_norm_1000,2016
C-657638,2011-11-29,Global Supply,3445645,,,bench_norm_1000,2012
C-000428,2011-09-24,Island Builders,3626084,,,bench_norm_1000,2011
C-754848,2017-06-25,Global Supply,6923632,,,bench_norm_1000,2017
C-059172,2018-12-18,Global Supply,2463678,,,bench_norm_1000,2019
C-599855,2015-09-27,Marina Holdings,9064939,,,bench_norm_1000,2015
C-654545,2014-02-12,Tech Solutions,8883627,,,bench_norm_1000,2014
C-657593,2018-08-14,Construcciones PR,7860750,,,bench_norm_1000,2018
C-106831,2013-09-17,Tech Solutions,1178296,,,bench_norm_1000,2013
C-789313,2015-01-06,Servicios Unidos,8372680,,,bench_norm_1000,2015
C-991857,2011-08-20,Construcciones PR,6390546,,,bench_norm_1000,2011
C-129544,2016-11-24,Marina Holdings,4243126,,,bench_norm_1000,2017
C-181662,2011-09-28,Construcciones PR,3460721,,,bench_norm_1000,2011
C-365295,2015-03-31,Bajos LLC,9634371,,,bench_norm_1000,2015
C-581573,2010-07-06,Island Builders,6029779,,,bench_norm_1000,2010
C-264258,2019-11-01,Bajos LLC,9769339,,,bench_norm_1000,2020
C-164625,2013-08-15,Acme Corp,5839530,,,bench_norm_1000,2013
C-855876,2012-09-23,Servicios Unidos,7704251,,,bench_norm_1000,2012
C-397135,2013-05-10,Servicios Unidos,7802220,,,bench_norm_1000,2013
C-016256,2012-05-25,Servicios Unidos,391947,,,bench_norm_1000,2012
C-694579,2011-06-30,Construcciones PR,3243700,,,bench_norm_1000,2011
C-659921,2018-11-11,Acme Corp,6226413,,,bench_norm_1000,2019
C-487019,2017-02-05,Acme Corp,5320709,,,bench_norm_1000,2017
C-261831,2015-10-30,Servicios Unidos,8634102,,,bench_norm_1000,2016
C-327242,2016-08-10,Bajos LLC,2230489,,,bench_norm_1000,2016
C-731021,2012-04-14,Construcciones PR,1370119,,,bench_norm_1000,2012
C-670346,2013-03-30,Servicios Unidos,683440,,,bench_norm_1000,2013
C-137458,2018-12-02,Acme Corp,2336330,,,bench_norm_1000,2019
C-026369,2011-02-08,Island Builders,1764905,,,bench_norm_1000,2011
C-523344,2019-04-01,Universal Contractors,4941737,,,bench_norm_1000,2019
C-014817,2012-01-23,Servicios Unidos,3573172,,,bench_norm_1000,2012
C-886092,2015-03-15,Construcciones PR,5976342,,,bench_norm_1000,2015
C-923085,2015-04-16,Island Builders,7005519,,,bench_norm_1000,2015
C-408989,2013-07-23,Island Builders,7956765,,,bench_norm_1000,2013
C-816036,2010-10-13,Tech Solutions,5066250,,,bench_norm_1000,2011
C-816763,2015-09-29,Marina Holdings,8234083,,,bench_norm_1000,2015
C-711853,2013-12-22,Global Supply,5549667,,,bench_norm_1000,2014
C-718543,2017-01-05,Island Builders,6921137,,,bench_norm_1000,2017
C-072525,2014-03-25,Servicios Unidos,8037948,,,bench_norm_1000,2014
C-495862,2012-06-23,Bajos LLC,6176832,,,bench_norm_1000,2012
C-363387,2015-07-25,Global Supply,5258619,,,bench_norm_1000,2015
C-856068,2011-01-24,Marina Holdings,4029329,,,bench_norm_1000,2011
C-519575,2016-06-02,Island Builders,4842705,,,bench_norm_1000,2016
C-646846,2010-03-04,Universal Contractors,6617117,,,bench_norm_1000,2010
C-003475,2018-02-26,Island Builders,9696219,,,bench_norm_1000,2018
C-334102,2011-07-22,Island Builders,7488430,,,bench_norm_1000,2011
C-260141,2014-08-03,Construcciones PR,5289786,,,bench_norm_1000,2014
C-515493,2018-02-18,Global Supply,762052,,,bench_norm_1000,2018
C-904785,2011-08-13,Universal Contractors,4940325,,,bench_norm_1000,2011
C-491048,2017-11-01,Universal Contractors,2679104,,,bench_norm_1000,2018
C-841382,2012-01-21,Construcciones PR,684599,,,bench_norm_1000,2012
C-555172,2014-08-11,Tech Solutions,2793581,,,bench_norm_1000,2014
C-299387,2019-06-16,Global Supply,9332752,,,bench_norm_1000,2019
C-862426,2019-03-03,Island Builders,1222164,,,bench_norm_1000,2019
C-852828,2019-01-18,Marina Holdings,5552334,,,bench_norm_1000,2019
C-307566,2015-01-26,Universal Contractors,9242390,,,bench_norm_1000,2015
C-262161,2013-03-22,Marina Holdings,7527106,,,bench_norm_1000,2013
C-531904,2011-08-17,Island Builders,5293518,,,bench_norm_1000,2011
C-451747,2017-10-12,Construcciones PR,702455,,,bench_norm_1000,2018
C-618761,2011-05-14,Universal Contractors,330587,,,bench_norm_1000,2011
C-971911,2012-06-18,Acme Corp,1362324,,,bench_norm_1000,2012
C-222316,2017-01-21,Tech Solutions,5326,,,bench_norm_1000,2017
C-436735,2010-06-13,Marina Holdings,7324768,,,bench_norm_1000,2010
C-533125,2016-09-04,Acme Corp,9988877,,,bench_norm_1000,2016
C-066763,2014-09-22,Construcciones PR,9474745,,,bench_norm_1000,2014
C-256815,2013-05-29,Bajos LLC,8001075,,,bench_norm_1000,2013
C-731704,2018-12-05,Bajos LLC,9115508,,,bench_norm_1000,2019
C-362384,2017-09-26,Construcciones PR,9895601,,,bench_norm_1000,2017
C-379464,2014-05-19,Universal Contractors,6641119,,,bench_norm_1000,2014
C-325233,2016-01-28,Construcciones PR,2279801,,,bench_norm_1000,2016
C-380302,2017-04-11,Global Supply,6550013,,,bench_norm_1000,2017
C-188022,2011-01-11,Servicios Unidos,4001944,,,bench_norm_1000,2011
C-065147,2011-05-07,Marina Holdings,9784345,,,bench_norm_1000,2011
C-611814,2011-11-08,Marina Holdings,750971,,,bench_norm_1000,2012
C-861842,2015-02-05,Acme Corp,8241434,,,bench_norm_1000,2015
C-974989,2017-05-16,Island Builders,1257833,,,bench_norm_1000,2017
C-663203,2012-08-18,Bajos LLC,5258083,,,bench_norm_1000,2012
C-456585,2010-08-27,Universal Contractors,2379498,,,bench_norm_1000,2010
C-816703,2015-12-12,Construcciones PR,8309183,,,bench_norm_1000,2016
C-014349,2019-10-14,Island Builders,5650425,,,bench_norm_1000,2020
C-583575,2014-07-07,Universal Contractors,71217,,,bench_norm_1000,2014
C-059740,2016-07-23,Construcciones PR,616748,,,bench_norm_1000,2016
C-171762,2012-09-26,Acme Corp,332117,,,bench_norm_1000,2012
C-738365,2011-09-11,Island Builders,4415510,,,bench_norm_1000,2011
C-828100,2019-10-11,Marina Holdings,694147,,,bench_norm_1000,2020
C-451254,2018-03-21,Acme Corp,2150345,,,bench_norm_1000,2018
C-879526,2019-08-20,Universal Contractors,549171,,,bench_norm_1000,2019
C-372075,2014-10-19,Servicios Unidos,1855851,,,bench_norm_1000,2015
C-596687,2016-05-18,Island Builders,3137936,,,bench_norm_1000,2016
C-243008,2018-09-13,Universal Contractors,1151029,,,bench_norm_1000,2018
C-134592,2010-07-22,Island Builders,7325490,,,bench_norm_1000,2010
C-082586,2014-07-26,Servicios Unidos,6904389,,,bench_norm_1000,2014
C-160278,2012-07-21,Bajos LLC,2733785,,,bench_norm_1000,2012
C-976692,2018-10-17,Tech Solutions,9885673,,,bench_norm_1000,2019
C-914912,2010-06-22,Acme Corp,2369435,,,bench_norm_1000,2010
C-986443,2013-05-17,Bajos LLC,7245443,,,bench_norm_1000,2013
C-812370,2017-10-16,Island Builders,5963201,,,bench_norm_1000,2018
C-531860,2017-02-03,Bajos LLC,8527530,,,bench_norm_1000,2017
C-316684,2010-07-27,Universal Contractors,3166273,,,bench_norm_1000,2010
C-084201,2012-01-18,Tech Solutions,6041445,,,bench_norm_1000,2012
C-249225,2014-08-20,Construcciones PR,9836830,,,bench_norm_1000,2014
C-882125,2018-12-31,Servicios Unidos,9991488,,,bench_norm_1000,2019
C-583345,2013-11-19,Universal Contractors,7495133,,,bench_norm_1000,2014
C-301314,2019-03-19,Acme Corp,3117093,,,bench_norm_1000,2019
C-132296,2019-10-06,Bajos LLC,1467421,,,bench_norm_1000,2020
C-588806,2016-05-25,Servicios Unidos,444976,,,bench_norm_1000,2016
C-988362,2013-04-27,Tech Solutions,7670333,,,bench_norm_1000,2013
C-847045,2013-11-27,Servicios Unidos,636773,,,bench_norm_1000,2014
C-146259,2016-06-17,Universal Contractors,3199651,,,bench_norm_1000,2016
C-557531,2017-01-21,Island Builders,1333315,,,bench_norm_1000,2017
C-657847,2011-07-03,Island Builders,6452597,,,bench_norm_1000,2011
C-337729,2019-01-07,Marina Holdings,8986690,,,bench_norm_1000,2019
C-831224,2013-05-10,Marina Holdings,4669410,,,bench_norm_1000,2013
C-797447,2019-11-13,Universal Contractors,1816338,,,bench_norm_1000,2020
C-810266,2018-02-26,Servicios Unidos,6789106,,,bench_norm_1000,2018
C-115377,2019-12-21,Tech Solutions,4801882,,,bench_norm_1000,2020
C-422796,2014-09-02,Tech Solutions,4353422,,,bench_norm_1000,2014
C-972550,2013-09-03,Tech Solutions,1221663,,,bench_norm_1000,2013
C-939440,2015-02-05,Tech Solutions,4478210,,,bench_norm_1000,2015
C-033474,2014-11-03,Global Supply,247393,,,bench_norm_1000,2015
C-019614,2018-03-03,Servicios Unidos,9221194,,,bench_norm_1000,2018
C-083264,2015-07-20,Servicios Unidos,5020655,,,bench_norm_1000,2015
C-897829,2011-04-21,Marina Holdings,1675726,,,bench_norm_1000,2011
C-112645,2014-10-27,Servicios Unidos,9474152,,,bench_norm_1000,2015
C-780492,2019-01-05,Acme Corp,9937988,,,bench_norm_1000,2019
C-949098,2016-08-04,Tech Solutions,1777371,,,bench_norm_1000,2016
C-839026,2017-10-30,Global Supply,6473383,,,bench_norm_1000,2018
C-677539,2018-10-26,Bajos LLC,5914712,,,bench_norm_1000,2019
C-286254,2016-02-09,Construcciones PR,4120894,,,bench_norm_1000,2016
C-998283,2018-11-26,Marina Holdings,7166721,,,bench_norm_1000,2019
C-597050,2017-08-18,Universal Contractors,6283161,,,bench_norm_1000,2017
C-887034,2018-07-25,Island Builders,508380,,,bench_norm_1000,2018
C-213903,2016-07-28,Construcciones PR,1415220,,,bench_norm_1000,2016
C-125521,2013-04-10,Tech Solutions,4959799,,,bench_norm_1000,2013
C-611034,2014-02-08,Island Builders,7254337,,,bench_norm_1000,2014
C-963216,2019-11-14,Marina Holdings,7995550,,,bench_norm_1000,2020
C-202227,2016-07-02,Servicios Unidos,8837352,,,bench_norm_1000,2016
C-297235,2019-06-07,Global Supply,471759,,,bench_norm_1000,2019
C-523871,2018-01-27,Servicios Unidos,2249418,,,bench_norm_1000,2018
C-941285,2017-07-07,Global Supply,8283161,,,bench_norm_1000,2017
C-406997,2012-06-14,Bajos LLC,9215533,,,bench_norm_1000,2012
C-330562,2012-03-23,Bajos LLC,8981267,,,bench_norm_1000,2012
C-804086,2019-12-25,Marina Holdings,6875414,,,bench_norm_1000,2020
C-392719,2017-02-04,Global Supply,5961980,,,bench_norm_1000,2017
C-003645,2013-06-17,Bajos LLC,3044342,,,bench_norm_1000,2013
C-196074,2012-01-05,Global Supply,5815697,,,bench_norm_1000,2012
C-603558,2017-04-17,Construcciones PR,1151467,,,bench_norm_1000,2017
C-590294,2011-04-25,Island Builders,9462033,,,bench_norm_1000,2011
C-518449,2019-06-08,Construcciones PR,5535926,,,bench_norm_1000,2019
C-555917,2012-12-22,Acme Corp,2648230,,,bench_norm_1000,2013
C-317831,2018-01-08,Construcciones PR,4441619,,,bench_norm_1000,2018
C-502350,2016-05-27,Tech Solutions,2197816,,,bench_norm_1000,2016
C-704922,2015-05-31,Construcciones PR,8545305,,,bench_norm_1000,2015
C-885678,2012-11-14,Marina Holdings,3296865,,,bench_norm_1000,2013
C-357969,2016-01-15,Island Builders,8351605,,,bench_norm_1000,2016
C-687904,2019-05-31,Global Supply,3547296,,,bench_norm_1000,2019
C-017431,2014-10-12,Universal Contractors,3204341,,,bench_norm_1000,2015
C-905745,2017-07-28,Bajos LLC,6398585,,,bench_norm_1000,2017
C-885912,2016-02-22,Acme Corp,1176012,,,bench_norm_1000,2016
C-621574,2018-09-16,Universal Contractors,4686468,,,bench_norm_1000,2018
C-330634,2014-03-04,Island Builders,6133588,,,bench_norm_1000,2014
C-088591,2019-06-05,Servicios Unidos,8355875,,,bench_norm_1000,2019
C-049716,2019-02-06,Global Supply,8362564,,,bench_norm_1000,2019
C-482209,2013-11-27,Universal Contractors,972112,,,bench_norm_1000,2014
C-385742,2015-04-02,Marina Holdings,1322777,,,bench_norm_1000,2015
C-682066,2018-03-10,Global Supply,8646253,,,bench_norm_1000,2018
C-665790,2014-09-28,Global Supply,9328180,,,bench_norm_1000,2014
C-649426,2013-12-13,Bajos LLC,431477,,,bench_norm_1000,2014
C-638185,2013-04-14,Global Supply,2548204,,,bench_norm_1000,2013
C-387437,2010-05-04,Acme Corp,1168666,,,bench_norm_1000,2010
C-669050,2016-10-17,Bajos LLC,6326775,,,bench_norm_1000,2017
C-733004,2010-06-23,Marina Holdings,5849817,,,bench_norm_1000,2010
C-394848,2010-07-02,Acme Corp,1704792,,,bench_norm_1000,2010
C-881925,2011-12-23,Tech Solutions,9073375,,,bench_norm_1000,2012
C-207704,2016-03-27,Tech Solutions,2873137,,,bench_norm_1000,2016
C-359712,2017-09-07,Universal Contractors,3000278,,,bench_norm_1000,2017
C-651462,2013-05-25,Global Supply,5328678,,,bench_norm_1000,2013
C-228588,2012-01-19,Construcciones PR,8622431,,,bench_norm_1000,2012
C-217505,2017-10-22,Marina Holdings,9341884,,,bench_norm_1000,2018
C-854457,2013-05-17,Bajos LLC,8797154,,,bench_norm_1000,2013
C-611887,2018-09-22,Universal Contractors,6438591,,,bench_norm_1000,2018
C-310606,2017-08-30,Servicios Unidos,151586,,,bench_norm_1000,2017
C-663328,2014-11-30,Acme Corp,1591677,,,bench_norm_1000,2015
C-349096,2018-08-17,Universal Contractors,6135738,,,bench_norm_1000,2018
C-923583,2016-09-12,Servicios Unidos,661474,,,bench_norm_1000,2016
C-771865,2013-06-24,Tech Solutions,2247220,,,bench_norm_1000,2013
C-845791,2016-09-29,Acme Corp,6708410,,,bench_norm_1000,2016
C-943494,2010-01-05,Island Builders,7944483,,,bench_norm_1000,2010
C-022079,2016-01-14,Construcciones PR,5373328,,,bench_norm_1000,2016
C-770946,2013-01-10,Global Supply,1931857,,,bench_norm_1000,2013
C-339590,2012-12-12,Island Builders,7390538,,,bench_norm_1000,2013
C-795650,2014-11-21,Bajos LLC,1458252,,,bench_norm_1000,2015
C-830387,2015-06-15,Acme Corp,5101600,,,bench_norm_1000,2015
C-236674,2010-04-16,Construcciones PR,3214067,,,bench_norm_1000,2010
C-619160,2017-02-01,Marina Holdings,623766,,,bench_norm_1000,2017
C-017175,2015-12-24,Marina Holdings,3375099,,,bench_norm_1000,2016
C-753223,2019-09-02,Global Supply,1280244,,,bench_norm_1000,2019
C-830415,2018-10-22,Construcciones PR,6451468,,,bench_norm_1000,2019
C-587328,2019-02-05,Tech Solutions,85592,,,bench_norm_1000,2019
C-745107,2011-12-22,Construcciones PR,1769499,,,bench_norm_1000,2012
C-366771,2015-06-25,Acme Corp,3210104,,,bench_norm_1000,2015
C-391588,2013-07-31,Construcciones PR,2102669,,,bench_norm_1000,2013
C-724060,2017-02-17,Acme Corp,2462384,,,bench_norm_1000,2017
C-187677,2013-08-26,Tech Solutions,7583582,,,bench_norm_1000,2013
C-411833,2014-10-05,Universal Contractors,6023736,,,bench_norm_1000,2015
C-056565,2019-04-20,Global Supply,8416695,,,bench_norm_1000,2019
C-738381,2017-05-11,Global Supply,8454511,,,bench_norm_1000,2017
C-812996,2019-01-20,Marina Holdings,1093165,,,bench_norm_1000,2019
C-534355,2018-11-17,Universal Contractors,3919766,,,bench_norm_1000,2019
C-350046,2015-01-30,Marina Holdings,3226615,,,bench_norm_1000,2015
C-370288,2017-03-28,Global Supply,9198057,,,bench_norm_1000,2017
C-746876,2011-06-02,Island Builders,4325849,,,bench_norm_1000,2011
C-815607,2010-01-29,Marina Holdings,5039050,,,bench_norm_1000,2010
C-544880,2011-09-14,Global Supply,2862340,,,bench_norm_1000,2011
C-210214,2019-04-20,Island Builders,3215728,,,bench_norm_1000,2019
C-553351,2014-04-13,Global Supply,8729932,,,bench_norm_1000,2014
C-717835,2017-11-02,Construcciones PR,2052610,,,bench_norm_1000,2018
C-647964,2019-07-16,Marina Holdings,2009843,,,bench_norm_1000,2019
C-139689,2019-09-21,Tech Solutions,8975293,,,bench_norm_1000,2019
C-417970,2010-10-07,Acme Corp,8527491,,,bench_norm_1000,2011
C-844976,2012-03-18,Construcciones PR,6397305,,,bench_norm_1000,2012
C-090796,2016-10-09,Tech Solutions,9428041,,,bench_norm_1000,2017
C-560730,2011-07-02,Universal Contractors,2020192,,,bench_norm_1000,2011
C-563641,2017-04-18,Servicios Unidos,7426449,,,bench_norm_1000,2017
C-795051,2016-03-25,Global Supply,1710591,,,bench_norm_1000,2016
C-355393,2016-09-14,Tech Solutions,6030088,,,bench_norm_1000,2016
C-808665,2015-08-03,Servicios Unidos,9478318,,,bench_norm_1000,2015
C-301886,2014-09-29,Servicios Unidos,1482542,,,bench_norm_1000,2014
C-711096,2015-10-28,Construcciones PR,6671333,,,bench_norm_1000,2016
C-963941,2011-02-11,Global Supply,343883,,,bench_norm_1000,2011
C-889473,2013-01-25,Servicios Unidos,3751378,,,bench_norm_1000,2013
C-577629,2017-08-12,Universal Contractors,1601023,,,bench_norm_1000,2017
C-987423,2017-04-26,Tech Solutions,9621601,,,bench_norm_1000,2017
C-132601,2015-03-20,Construcciones PR,9409775,,,bench_norm_1000,2015
C-373918,2012-07-23,Tech Solutions,9685687,,,bench_norm_1000,2012
C-954777,2013-05-07,Island Builders,8083695,,,bench_norm_1000,2013
C-395848,2014-09-26,Construcciones PR,2807434,,,bench_norm_1000,2014
C-454661,2016-04-22,Tech Solutions,9221523,,,bench_norm_1000,2016
C-236648,2011-07-19,Universal Contractors,5405972,,,bench_norm_1000,2011
C-148076,2019-05-27,Global Supply,5123418,,,bench_norm_1000,2019
C-575886,2019-08-07,Tech Solutions,7648066,,,bench_norm_1000,2019
C-873935,2014-09-08,Global Supply,6274411,,,bench_norm_1000,2014
C-854080,2010-06-07,Bajos LLC,2606438,,,bench_norm_1000,2010
C-947655,2016-03-08,Marina Holdings,8774780,,,bench_norm_1000,2016
C-183721,2011-01-01,Island Builders,4694398,,,bench_norm_1000,2011
C-327177,2019-09-18,Tech Solutions,4179749,,,bench_norm_1000,2019
C-346752,2014-12-15,Marina Holdings,8463108,,,bench_norm_1000,2015
C-047014,2017-12-19,Universal Contractors,9535617,,,bench_norm_1000,2018
C-165984,2013-01-16,Tech Solutions,7908727,,,bench_norm_1000,2013
C-715287,2012-02-26,Marina Holdings,5321096,,,bench_norm_1000,2012
C-895310,2014-09-22,Bajos LLC,9446002,,,bench_norm_1000,2014
C-112723,2011-11-14,Island Builders,8930580,,,bench_norm_1000,2012
C-286191,2010-03-01,Construcciones PR,7778423,,,bench_norm_1000,2010
C-831150,2012-08-01,Acme Corp,7810088,,,bench_norm_1000,2012
C-204335,2015-08-05,Bajos LLC,5003467,,,bench_norm_1000,2015
C-685284,2019-01-19,Tech Solutions,1819649,,,bench_norm_1000,2019
C-509265,2014-08-11,Universal Contractors,180888,,,bench_norm_1000,2014
C-141224,2019-11-07,Tech Solutions,2279018,,,bench_norm_1000,2020
C-364602,2018-04-02,Island Builders,5278750,,,bench_norm_1000,2018
C-081944,2013-10-16,Servicios Unidos,7387218,,,bench_norm_1000,2014
C-038037,2017-03-07,Acme Corp,1139642,,,bench_norm_1000,2017
C-399354,2014-03-14,Acme Corp,4594194,,,bench_norm_1000,2014
C-606136,2011-12-17,Construcciones PR,7747635,,,bench_norm_1000,2012
C-291494,2017-03-29,Global Supply,1951875,,,bench_norm_1000,2017
C-676785,2012-09-10,Global Supply,2545951,,,bench_norm_1000,2012
C-289886,2012-09-19,Marina Holdings,8066598,,,bench_norm_1000,2012
C-558697,2019-10-07,Acme Corp,6856718,,,bench_norm_1000,2020
C-367961,2011-07-08,Marina Holdings,3699343,,,bench_norm_1000,2011
C-905432,2018-11-17,Tech Solutions,6461406,,,bench_norm_1000,2019
C-338505,2017-10-24,Global Supply,3809653,,,bench_norm_1000,2018
C-561957,2011-11-06,Island Builders,984868,,,bench_norm_1000,2012
C-843715,2017-02-07,Marina Holdings,5613732,,,bench_norm_1000,2017
C-204900,2017-10-07,Tech Solutions,3847242,,,bench_norm_1000,2018
C-810368,2011-04-06,Tech Solutions,9844546,,,bench_norm_1000,2011
C-137577,2014-03-26,Global Supply,5402041,,,bench_norm_1000,2014
C-160667,2013-01-30,Construcciones PR,4986877,,,bench_norm_1000,2013
C-877584,2017-06-22,Acme Corp,4422645,,,bench_norm_1000,2017
C-878258,2016-11-13,Universal Contractors,4240596,,,bench_norm_1000,2017
C-512760,2018-06-16,Construcciones PR,9954825,,,bench_norm_1000,2018
C-959657,2017-08-10,Construcciones PR,4529920,,,bench_norm_1000,2017
C-085788,2012-04-22,Marina Holdings,2779077,,,bench_norm_1000,2012
C-091341,2011-11-08,Universal Contractors,2220160,,,bench_norm_1000,2012
C-666614,2010-09-18,Marina Holdings,4777346,,,bench_norm_1000,2010
C-150262,2016-03-25,Marina Holdings,8235140,,,bench_norm_1000,2016
C-970741,2014-04-24,Servicios Unidos,6710750,,,bench_norm_1000,2014
C-837163,2012-12-19,Servicios Unidos,2711782,,,bench_norm_1000,2013
C-377624,2015-02-10,Tech Solutions,8226059,,,bench_norm_1000,2015
C-405318,2013-09-20,Universal Contractors,1947533,,,bench_norm_1000,2013
C-871191,2017-10-26,Island Builders,8984542,,,bench_norm_1000,2018
C-708355,2014-06-04,Marina Holdings,8944541,,,bench_norm_1000,2014
C-834880,2018-11-17,Universal Contractors,9786836,,,bench_norm_1000,2019
C-585001,2013-04-29,Acme Corp,8277432,,,bench_norm_1000,2013
C-180710,2017-01-04,Marina Holdings,7787237,,,bench_norm_1000,2017
C-120258,2011-08-19,Universal Contractors,7312172,,,bench_norm_1000,2011
C-992407,2019-10-17,Bajos LLC,2541041,,,bench_norm_1000,2020
C-744227,2015-05-17,Bajos LLC,3870372,,,bench_norm_1000,2015
C-210331,2019-01-10,Universal Contractors,6736549,,,bench_norm_1000,2019
C-523983,2015-06-29,Global Supply,5745999,,,bench_norm_1000,2015
C-286546,2011-05-13,Construcciones PR,3499938,,,bench_norm_1000,2011
C-416398,2015-08-21,Bajos LLC,2298077,,,bench_norm_1000,2015
C-405738,2013-08-13,Universal Contractors,5907852,,,bench_norm_1000,2013
C-511737,2018-03-30,Construcciones PR,1061262,,,bench_norm_1000,2018
C-301147,2019-11-06,Island Builders,5009200,,,bench_norm_1000,2020
C-977409,2015-02-01,Marina Holdings,8229695,,,bench_norm_1000,2015
C-115232,2017-08-31,Global Supply,6828375,,,bench_norm_1000,2017
C-581875,2011-05-14,Universal Contractors,6484710,,,bench_norm_1000,2011
C-927314,2013-08-08,Acme Corp,7108355,,,bench_norm_1000,2013
C-923545,2016-11-28,Tech Solutions,9587652,,,bench_norm_1000,2017
C-833474,2011-12-13,Global Supply,6050306,,,bench_norm_1000,2012
